{
    "name": "root",
    "metadata": {
        "timer_format_version": "0.1.0",
        "start_time_seconds": "1611562306",
        "python_version": "3.8.3 (default, Jul  2 2020, 17:30:36) [MSC v.1916 64 bit (AMD64)]",
        "command_line_arguments": "C:\\Users\\Lenovo\\anaconda3\\Scripts\\mlagents-learn config/rollerball_config.yaml --force --run-id=RollerBall",
        "mlagents_version": "0.23.0",
        "mlagents_envs_version": "0.23.0",
        "communication_protocol_version": "1.3.0",
        "pytorch_version": "1.7.0+cu110",
        "numpy_version": "1.18.5",
        "end_time_seconds": "1611562406"
    },
    "total": 99.6810218,
    "count": 1,
    "self": 0.0069789000000071155,
    "children": {
        "run_training.setup": {
            "total": 0.011277799999999782,
            "count": 1,
            "self": 0.011277799999999782
        },
        "TrainerController.start_learning": {
            "total": 99.66276509999999,
            "count": 1,
            "self": 0.26263030000062315,
            "children": {
                "TrainerController._reset_env": {
                    "total": 8.255498,
                    "count": 1,
                    "self": 8.255498
                },
                "TrainerController.advance": {
                    "total": 91.03767079999936,
                    "count": 11705,
                    "self": 0.11867259999878854,
                    "children": {
                        "env_step": {
                            "total": 90.91899820000057,
                            "count": 11705,
                            "self": 71.0781172000012,
                            "children": {
                                "SubprocessEnvManager._take_step": {
                                    "total": 19.70448979999997,
                                    "count": 11705,
                                    "self": 0.33131479999990887,
                                    "children": {
                                        "TorchPolicy.evaluate": {
                                            "total": 19.37317500000006,
                                            "count": 5861,
                                            "self": 6.988773500000338,
                                            "children": {
                                                "TorchPolicy.sample_actions": {
                                                    "total": 12.384401499999722,
                                                    "count": 5861,
                                                    "self": 12.384401499999722
                                                }
                                            }
                                        }
                                    }
                                },
                                "workers": {
                                    "total": 0.13639119999940164,
                                    "count": 11704,
                                    "self": 0.0,
                                    "children": {
                                        "worker_root": {
                                            "total": 92.26299679999981,
                                            "count": 11704,
                                            "is_parallel": true,
                                            "self": 33.352015899999856,
                                            "children": {
                                                "steps_from_proto": {
                                                    "total": 0.0003869999999999152,
                                                    "count": 1,
                                                    "is_parallel": true,
                                                    "self": 0.0001928000000006591,
                                                    "children": {
                                                        "_process_vector_observation": {
                                                            "total": 0.00019419999999925608,
                                                            "count": 2,
                                                            "is_parallel": true,
                                                            "self": 0.00019419999999925608
                                                        }
                                                    }
                                                },
                                                "UnityEnvironment.step": {
                                                    "total": 58.91059389999996,
                                                    "count": 11704,
                                                    "is_parallel": true,
                                                    "self": 0.7138660999980644,
                                                    "children": {
                                                        "UnityEnvironment._generate_step_input": {
                                                            "total": 0.988063700000529,
                                                            "count": 11704,
                                                            "is_parallel": true,
                                                            "self": 0.988063700000529
                                                        },
                                                        "communicator.exchange": {
                                                            "total": 55.29802480000053,
                                                            "count": 11704,
                                                            "is_parallel": true,
                                                            "self": 55.29802480000053
                                                        },
                                                        "steps_from_proto": {
                                                            "total": 1.9106393000008293,
                                                            "count": 11704,
                                                            "is_parallel": true,
                                                            "self": 0.9725076000004318,
                                                            "children": {
                                                                "_process_vector_observation": {
                                                                    "total": 0.9381317000003975,
                                                                    "count": 23408,
                                                                    "is_parallel": true,
                                                                    "self": 0.9381317000003975
                                                                }
                                                            }
                                                        }
                                                    }
                                                }
                                            }
                                        }
                                    }
                                }
                            }
                        }
                    }
                },
                "trainer_threads": {
                    "total": 3.2500000003210516e-05,
                    "count": 1,
                    "self": 3.2500000003210516e-05,
                    "children": {
                        "thread_root": {
                            "total": 0.0,
                            "count": 0,
                            "is_parallel": true,
                            "self": 0.0,
                            "children": {
                                "trainer_advance": {
                                    "total": 91.1676288999996,