{
    "name": "root",
    "gauges": {
        "RollerAgent.Policy.Entropy.mean": {
            "value": 1.3822153806686401,
            "min": 1.3822153806686401,
            "max": 1.4190255403518677,
            "count": 10
        },
        "RollerAgent.Environment.EpisodeLength.mean": {
            "value": 6.048068790527206,
            "min": 6.048068790527206,
            "max": 21.16216216216216,
            "count": 10
        },
        "RollerAgent.Policy.ExtrinsicValueEstimate.mean": {
            "value": 0.9681668877601624,
            "min": 0.23186399042606354,
            "max": 0.9682124257087708,
            "count": 10
        },
        "RollerAgent.Environment.CumulativeReward.mean": {
            "value": 1.0,
            "min": 0.24689716312056736,
            "max": 1.0,
            "count": 10
        },
        "RollerAgent.Policy.ExtrinsicReward.mean": {
            "value": 1.0,
            "min": 0.24689716312056736,
            "max": 1.0,
            "count": 10
        },
        "RollerAgent.Losses.PolicyLoss.mean": {
            "value": 0.0235307418279505,
            "min": 0.021120968604130513,
            "max": 0.025892719848100872,
            "count": 10
        },
        "RollerAgent.Losses.ValueLoss.mean": {
            "value": 0.0018987759994342924,
            "min": 0.0018987759994342924,
            "max": 0.32663282578190167,
            "count": 10
        },
        "RollerAgent.Policy.LearningRate.mean": {
            "value": 1.703985432008e-05,
            "min": 1.703985432008e-05,
            "max": 0.0002845728051424,
            "count": 10
        },
        "RollerAgent.Policy.Epsilon.mean": {
            "value": 0.10567992,
            "min": 0.10567992,
            "max": 0.19485760000000005,
            "count": 10
        },
        "RollerAgent.Policy.Beta.mean": {
            "value": 0.00029342800799999995,
            "min": 0.00029342800799999995,
            "max": 0.00474339424,
            "count": 10
        },
        "RollerAgent.IsTraining.mean": {
            "value": 1.0,
            "min": 1.0,
            "max": 1.0,
            "count": 10
        }
    },
    "metadata": {
        "timer_format_version": "0.1.0",
        "start_time_seconds": "1612169725",
        "python_version": "3.8.3 (default, Jul  2 2020, 17:30:36) [MSC v.1916 64 bit (AMD64)]",
        "command_line_arguments": "C:\\Users\\Lenovo\\anaconda3\\Scripts\\mlagents-learn ./config/rollerball_config.yaml --run-id=release01",
        "mlagents_version": "0.23.0",
        "mlagents_envs_version": "0.23.0",
        "communication_protocol_version": "1.3.0",
        "pytorch_version": "1.7.0+cu110",
        "numpy_version": "1.18.5",
        "end_time_seconds": "1612171029"
    },
    "total": 1304.4350052999998,
    "count": 1,
    "self": 0.02150039999969522,
    "children": {
        "run_training.setup": {
            "total": 0.012757299999999638,
            "count": 1,
            "self": 0.012757299999999638
        },
        "TrainerController.start_learning": {
            "total": 1304.4007476000002,
            "count": 1,
            "self": 3.074576699997124,
            "children": {
                "TrainerController._reset_env": {
                    "total": 5.8675835,
                    "count": 1,
                    "self": 5.8675835
                },
                "TrainerController.advance": {
                    "total": 1295.389618000003,
                    "count": 128414,
                    "self": 1.459823200001665,
                    "children": {
                        "env_step": {
                            "total": 1293.9297948000014,
                            "count": 128414,
                            "self": 1012.4561816000154,
                            "children": {
                                "SubprocessEnvManager._take_step": {
                                    "total": 279.892993599987,
                                    "count": 128414,
                                    "self": 4.615849999999227,
                                    "children": {
                                        "TorchPolicy.evaluate": {
                                            "total": 275.27714359998777,
                                            "count": 83340,
                                            "self": 107.80722809998858,
                                            "children": {
                                                "TorchPolicy.sample_actions": {
                                                    "total": 167.4699154999992,
                                                    "count": 83340,
                                                    "self": 167.4699154999992
                                                }
                                            }
                                        }
                                    }
                                },
                                "workers": {
                                    "total": 1.5806195999990962,
                                    "count": 128414,
                                    "self": 0.0,
                                    "children": {
                                        "worker_root": {
                                            "total": 1296.5278647000057,
                                            "count": 128414,
                                            "is_parallel": true,
                                            "self": 416.17392770001084,
                                            "children": {
                                                "steps_from_proto": {
                                                    "total": 0.0003029000000003279,
                                                    "count": 1,
                                                    "is_parallel": true,
                                                    "self": 0.00015180000000025728,
                                                    "children": {
                                                        "_process_vector_observation": {
                                                            "total": 0.00015110000000007062,
                                                            "count": 2,
                                                            "is_parallel": true,
                                                            "self": 0.00015110000000007062
                                                        }
                                                    }
                                                },
                                                "UnityEnvironment.step": {
                                                    "total": 880.3536340999949,
                                                    "count": 128414,
                                                    "is_parallel": true,
                                                    "self": 8.229020200030618,
                                                    "children": {
                                                        "UnityEnvironment._generate_step_input": {
                                                            "total": 29.001091499988537,
                                                            "count": 128414,
                                                            "is_parallel": true,
                                                            "self": 29.001091499988537
                                                        },
                                                        "communicator.exchange": {
                                                            "total": 816.4468480999801,
                                                            "count": 128414,
                                                            "is_parallel": true,